{"mean": {"rsi": 49.46396414128444, "macd": -47.59827698979994, "macd_signal": -48.268396646447535, "ema_9": 83955.87862350552, "ema_21": 83996.25956065126, "atr": 578.8624293094789, "obi": 0.023641071954563084, "funding_rate": 0.5077848389305555, "whale_flow": 0.011296631020224632, "btc_dominance": -0.0013846284538547135, "liq_heatmap_density": 0.03135156880577609, "res1": 84224.83669820818, "sup1": 83646.66777129052, "local_res": 85524.25294141333, "local_sup": 82410.00387557883}, "std": {"rsi": 12.159406294677698, "macd": 459.52560367492333, "macd_signal": 431.91356793699356, "ema_9": 13670.79202771536, "ema_21": 13690.622942910808, "atr": 257.3953754692831, "obi": 1.0903235273660141, "funding_rate": 0.35612475429618096, "whale_flow": 0.1427842647653284, "btc_dominance": 0.02435847567818244, "liq_heatmap_density": 0.021517801048386603, "res1": 13688.686623815302, "sup1": 13646.604646577847, "local_res": 13832.29871434232, "local_sup": 13609.171591334973}}