{"mean": {"rsi": 52.94541030622458, "macd": 96.93885262930152, "macd_signal": 96.60834474235581, "ema_9": 74719.01625394251, "ema_21": 74635.74146822079, "atr": 415.4838877608153, "obi": 0.007562477775629536, "funding_rate": 0.5079498503215624, "whale_flow": 0.0423197223937905, "btc_dominance": 0.004723567708238974, "liq_heatmap_density": 0.024156880863423824, "res1": 74964.93457530336, "sup1": 74552.47159885796, "local_res": 75763.86759100642, "local_sup": 73557.19937901499}, "std": {"rsi": 11.198573834078392, "macd": 280.65360889179817, "macd_signal": 258.81552289539457, "ema_9": 4319.6798938082675, "ema_21": 4313.5443681290035, "atr": 106.13351148302245, "obi": 1.0545500335656437, "funding_rate": 0.359349353394298, "whale_flow": 0.12288686668004803, "btc_dominance": 0.017951918356976668, "liq_heatmap_density": 0.014996568776025496, "res1": 4328.251727197655, "sup1": 4328.837253581086, "local_res": 4288.500401903284, "local_sup": 4385.804670616577}}