{"mean": {"rsi": 49.4633675681638, "macd": -47.599721945309724, "macd_signal": -48.268685637549495, "ema_9": 83955.87500079563, "ema_21": 83996.25791396493, "atr": 578.8600444263934, "obi": 0.02356511952930385, "funding_rate": 0.5076966188046236, "whale_flow": 0.011292977137337106, "btc_dominance": -0.0013848542206999167, "liq_heatmap_density": 0.03135154880664527, "res1": 84224.83669820818, "sup1": 83646.66777129052, "local_res": 85524.25294141333, "local_sup": 82410.00387557883}, "std": {"rsi": 12.15925319778483, "macd": 459.5252997166389, "macd_signal": 431.9135042533841, "ema_9": 13670.792998806866, "ema_21": 13690.623394781216, "atr": 257.39893740749045, "obi": 1.0904027096211377, "funding_rate": 0.35618002337884497, "whale_flow": 0.1427871362870047, "btc_dominance": 0.024358454669120396, "liq_heatmap_density": 0.021517823449184632, "res1": 13688.686623815302, "sup1": 13646.604646577847, "local_res": 13832.29871434232, "local_sup": 13609.171591334973}}