{"mean": {"rsi": 49.45808721296868, "macd": -47.84073548849129, "macd_signal": -48.44674955723312, "ema_9": 83962.21176116489, "ema_21": 84002.84163767549, "atr": 578.9947369415535, "obi": 0.023785870095179403, "funding_rate": 0.5077289132274567, "whale_flow": 0.011281893261251364, "btc_dominance": -0.0013912866985909054, "liq_heatmap_density": 0.031363164444503495, "res1": 84231.15967049192, "sup1": 83652.82256358633, "local_res": 85531.34467485403, "local_sup": 82416.1368934971}, "std": {"rsi": 12.163752467408061, "macd": 459.76095916703565, "macd_signal": 432.0405249373126, "ema_9": 13676.384371713275, "ema_21": 13696.676411690094, "atr": 257.37691083055483, "obi": 1.090264279270565, "funding_rate": 0.3561543148764864, "whale_flow": 0.14280297135112668, "btc_dominance": 0.024362199700249876, "liq_heatmap_density": 0.021520360089940543, "res1": 13694.149665617628, "sup1": 13651.929736679454, "local_res": 13838.835937237254, "local_sup": 13614.745170937853}}