{"mean": {"rsi": 49.47503822576607, "macd": -46.90179839579975, "macd_signal": -47.706683579133575, "ema_9": 83930.58848102047, "ema_21": 83970.23812730923, "atr": 578.1719597736914, "obi": 0.02215704692795751, "funding_rate": 0.5077672846768128, "whale_flow": 0.011419303928941119, "btc_dominance": -0.001361836543803454, "liq_heatmap_density": 0.03130445861329572, "res1": 84199.31403798402, "sup1": 83622.09874907724, "local_res": 85495.8860076505, "local_sup": 82385.6580511375, "obv": -127801.76653327569, "force_index": -44456.34285402902}, "std": {"rsi": 12.155884457671492, "macd": 458.9162973084302, "macd_signal": 431.49177285304404, "ema_9": 13648.39308056256, "ema_21": 13666.940179319045, "atr": 257.2876182958439, "obi": 1.0894823359574106, "funding_rate": 0.3560937732608398, "whale_flow": 0.1427131815750688, "btc_dominance": 0.024349959327093672, "liq_heatmap_density": 0.021511840820507683, "res1": 13666.157132734368, "sup1": 13625.127425689065, "local_res": 13806.082433720718, "local_sup": 13587.051650348349, "obv": 67225.67627022557, "force_index": 1230742.2691813407}}