{"mean": {"rsi": 52.95003897525473, "macd": 97.06192769124614, "macd_signal": 96.44537690468601, "ema_9": 74747.71472330477, "ema_21": 74664.08079953805, "atr": 414.9196330324755, "obi": 0.005385851346218884, "funding_rate": 0.5072981487932386, "whale_flow": 0.04210952179940813, "btc_dominance": 0.004748261965518649, "liq_heatmap_density": 0.02410378155990587, "res1": 74993.6698965025, "sup1": 74581.97685581728, "local_res": 75790.11660599572, "local_sup": 73586.2175588865}, "std": {"rsi": 11.193851911558328, "macd": 280.43010997063254, "macd_signal": 258.764672260407, "ema_9": 4312.057158691547, "ema_21": 4306.772805932248, "atr": 106.27700312462923, "obi": 1.0550437570723195, "funding_rate": 0.3596224880680943, "whale_flow": 0.12298868927542674, "btc_dominance": 0.01793500212338837, "liq_heatmap_density": 0.015012434424990092, "res1": 4319.4075437253905, "sup1": 4320.036796720578, "local_res": 4280.898953300696, "local_sup": 4380.516520028339}}