{"mean": {"rsi": 52.94987549573495, "macd": 97.06153566357361, "macd_signal": 96.4452984991515, "ema_9": 74747.71374043541, "ema_21": 74664.08035277925, "atr": 414.9196330324755, "obi": 0.0053942006215103215, "funding_rate": 0.507273973745247, "whale_flow": 0.04210952735782189, "btc_dominance": 0.004748200713216926, "liq_heatmap_density": 0.0241037770076102, "res1": 74993.6698965025, "sup1": 74581.97685581728, "local_res": 75790.11660599572, "local_sup": 73586.2175588865}, "std": {"rsi": 11.193861631245431, "macd": 280.43017834776504, "macd_signal": 258.7646873426667, "ema_9": 4312.055894067137, "ema_21": 4306.772226984757, "atr": 106.27700312462923, "obi": 1.0550335888399727, "funding_rate": 0.3596404380571528, "whale_flow": 0.12298868246510378, "btc_dominance": 0.017935015794567445, "liq_heatmap_density": 0.015012439548208746, "res1": 4319.4075437253905, "sup1": 4320.036796720578, "local_res": 4280.898953300696, "local_sup": 4380.516520028339}}