{"mean": {"open": 83885.86398832295, "high": 84165.00156432454, "low": 83588.59774713106, "close": 83879.39842158245, "volume": 861.2288384779546, "rsi": 49.4911597829248, "macd": -46.21628455540017, "macd_signal": -46.819390014764586, "ema_9": 83905.02215153474, "ema_21": 83944.20143197688, "atr": 577.4675330476423, "obi": 0.022978349887600613, "funding_rate": 0.5077476079234333, "whale_flow": 0.011541052974113515, "btc_dominance": -0.0013355818926502944, "liq_heatmap_density": 0.03127536063404204, "res1": 84173.24602979665, "sup1": 83596.69472115964, "local_res": 85467.77646869337, "local_sup": 82361.55368028992, "obv": -124668.49707306433, "force_index": -44574.90806055611}, "std": {"open": 13621.583412034257, "high": 13633.390066509697, "low": 13593.084221327592, "close": 13615.38574027942, "volume": 904.8200436235504, "rsi": 12.165700996673928, "macd": 458.6469299532898, "macd_signal": 430.8530302410868, "ema_9": 13624.958768344397, "ema_21": 13642.899158280654, "atr": 257.03898665939846, "obi": 1.0903127655677982, "funding_rate": 0.3561074226389142, "whale_flow": 0.14266940696045463, "btc_dominance": 0.02434435857281579, "liq_heatmap_density": 0.02151798003106655, "res1": 13641.591903740744, "sup1": 13601.392558409634, "local_res": 13779.712185429526, "local_sup": 13564.806389895091, "obv": 67146.88183689938, "force_index": 1230653.111480328}}