{"mean": {"rsi": 52.949266266592765, "macd": 97.06009652059272, "macd_signal": 96.44501067055533, "ema_9": 74747.71013229837, "ema_21": 74664.07871271696, "atr": 414.9196330324755, "obi": 0.005405753663031853, "funding_rate": 0.5071838820703367, "whale_flow": 0.04210802099181312, "btc_dominance": 0.004747975854549379, "liq_heatmap_density": 0.0241037636053178, "res1": 74993.6698965025, "sup1": 74581.97685581728, "local_res": 75790.11660599572, "local_sup": 73586.2175588865}, "std": {"rsi": 11.193917492488929, "macd": 280.43043375029885, "macd_signal": 258.76474290023714, "ema_9": 4312.0512533914525, "ema_21": 4306.770102025094, "atr": 106.27700312462923, "obi": 1.0550196204919922, "funding_rate": 0.35972068814240055, "whale_flow": 0.12299053667700878, "btc_dominance": 0.017935067656870776, "liq_heatmap_density": 0.015012454638815632, "res1": 4319.4075437253905, "sup1": 4320.036796720578, "local_res": 4280.898953300696, "local_sup": 4380.516520028339}}