{"mean": {"rsi": 52.87446784091995, "macd": 98.33414220911733, "macd_signal": 100.33522931470694, "ema_9": 74468.61766937653, "ema_21": 74385.92457622386, "atr": 418.508190399874, "obi": 0.019416004070251187, "funding_rate": 0.5004089857496862, "whale_flow": 0.0420380750428905, "btc_dominance": 0.004646508416543286, "liq_heatmap_density": 0.024490372437261296, "res1": 74714.04623126339, "sup1": 74296.16125267665, "local_res": 75527.92432548181, "local_sup": 73299.22751605995}, "std": {"rsi": 11.266298947091425, "macd": 280.55002283018626, "macd_signal": 257.7974545551928, "ema_9": 4373.048548409205, "ema_21": 4364.023841093669, "atr": 106.16863214984365, "obi": 1.0543636679100983, "funding_rate": 0.35804911864087324, "whale_flow": 0.12303459621478144, "btc_dominance": 0.018015938094969916, "liq_heatmap_density": 0.01489524220837903, "res1": 4386.09339338908, "sup1": 4386.403342755846, "local_res": 4354.592684447447, "local_sup": 4436.831217632276}}