{"mean": {"rsi": 49.488533895619994, "macd": -46.27373275575264, "macd_signal": -46.90003362490914, "ema_9": 83911.4274453956, "ema_21": 83950.65936311947, "atr": 577.6452289238892, "obi": 0.023182260220950327, "funding_rate": 0.5077472820881452, "whale_flow": 0.01151261669438727, "btc_dominance": -0.0013421093648168043, "liq_heatmap_density": 0.03128049106901852, "res1": 84179.76283806456, "sup1": 83602.96382860212, "local_res": 85474.77365814375, "local_sup": 82367.5484940608, "obv": -122652.32609248452, "force_index": -44532.60487240291}, "std": {"rsi": 12.162560835481719, "macd": 458.63876304517737, "macd_signal": 430.8829107352558, "ema_9": 13630.90286611706, "ema_21": 13648.84219936742, "atr": 257.0908839717689, "obi": 1.0898939775369196, "funding_rate": 0.35612531540033815, "whale_flow": 0.1426759361594825, "btc_dominance": 0.0243459553146451, "liq_heatmap_density": 0.021516059808716938, "res1": 13647.835780609796, "sup1": 13607.264332110915, "local_res": 13786.306210916424, "local_sup": 13570.38068603708, "obv": 67166.60900865604, "force_index": 1230658.374758482}}