{"mean": {"open": 83795.75044896315, "high": 84074.24142138111, "low": 83499.29499899335, "close": 83789.41463660158, "volume": 859.7563723696396, "rsi": 49.52430833116436, "macd": -45.175861849452914, "macd_signal": -45.289364507532994, "ema_9": 83815.01044412018, "ema_21": 83853.6113992578, "atr": 575.6433294947004, "obi": 0.024548799340519376, "funding_rate": 0.5068799659799472, "whale_flow": 0.011692328686665443, "btc_dominance": -0.0013052870088679086, "liq_heatmap_density": 0.03122951157529577, "res1": 84082.38645392927, "sup1": 83507.3563834642, "local_res": 85374.42467284075, "local_sup": 82277.75716126434, "obv": -126493.18097856666, "force_index": -44514.434072955155}, "std": {"open": 13535.903433629706, "high": 13547.750689646196, "low": 13507.563149254951, "close": 13529.938714891816, "volume": 905.2390945566397, "rsi": 12.177143815195135, "macd": 458.5366329164834, "macd_signal": 430.48990825040795, "ema_9": 13539.917857115495, "ema_21": 13557.818643744851, "atr": 257.47218370554003, "obi": 1.0899526014205785, "funding_rate": 0.3559850828590548, "whale_flow": 0.14273848588628918, "btc_dominance": 0.024337655015890147, "liq_heatmap_density": 0.021542486973012174, "res1": 13555.842553011847, "sup1": 13515.841486429645, "local_res": 13696.599197991389, "local_sup": 13486.223496383962, "obv": 66863.89942235872, "force_index": 1230578.129027381}}