{"mean": {"rsi": 49.48254041500162, "macd": -46.52195826128506, "macd_signal": -47.23082429363761, "ema_9": 83917.81759494955, "ema_21": 83957.19848110799, "atr": 577.8253503868516, "obi": 0.02320184296164714, "funding_rate": 0.5077617381007016, "whale_flow": 0.011476672909363517, "btc_dominance": -0.0013498113154866774, "liq_heatmap_density": 0.03128691744868531, "res1": 84186.2793456815, "sup1": 83609.38294946648, "local_res": 85481.77748339037, "local_sup": 82373.57053150795, "obv": -125684.87532884849, "force_index": -44627.26583048491}, "std": {"rsi": 12.159547375416473, "macd": 458.7285803645294, "macd_signal": 431.1082450518698, "ema_9": 13636.783810146107, "ema_21": 13654.930394374007, "atr": 257.1690042388548, "obi": 1.089858709854578, "funding_rate": 0.3561090572085219, "whale_flow": 0.14268933715004836, "btc_dominance": 0.0243481712395829, "liq_heatmap_density": 0.021514361757366984, "res1": 13654.020476135414, "sup1": 13613.389599044516, "local_res": 13792.90814745194, "local_sup": 13575.945329474394, "obv": 67186.10875172062, "force_index": 1230668.8648477616}}