{"mean": {"rsi": 49.45241430774831, "macd": -48.15513184815868, "macd_signal": -48.72472798707774, "ema_9": 83968.59516751584, "ema_21": 84009.5053762164, "atr": 579.1364215220907, "obi": 0.024118618219368195, "funding_rate": 0.5077934210087737, "whale_flow": 0.011251558010979879, "btc_dominance": -0.0013965115850414658, "liq_heatmap_density": 0.031374070071619464, "res1": 84237.38773706462, "sup1": 83658.82473122608, "local_res": 85538.43640829474, "local_sup": 82422.26991141534}, "std": {"rsi": 12.167684758429493, "macd": 460.07246686234953, "macd_signal": 432.2875063838754, "ema_9": 13682.069646863838, "ema_21": 13702.891393525913, "atr": 257.36552674990713, "obi": 1.090270964798718, "funding_rate": 0.3561163386948422, "whale_flow": 0.14282141032474652, "btc_dominance": 0.02436449227700161, "liq_heatmap_density": 0.021521877301393665, "res1": 13699.425683687152, "sup1": 13656.949083196134, "local_res": 13845.366440333793, "local_sup": 13620.313707612842}}