{"mean": {"rsi": 49.46379313650536, "macd": -47.59871142401734, "macd_signal": -48.26848353329102, "ema_9": 83955.87753431687, "ema_21": 83996.25906556551, "atr": 578.8620208996886, "obi": 0.02363206767746226, "funding_rate": 0.507759551061184, "whale_flow": 0.011295252398600623, "btc_dominance": -0.0013846963319603348, "liq_heatmap_density": 0.031351559892852536, "res1": 84224.83669820818, "sup1": 83646.66777129052, "local_res": 85524.25294141333, "local_sup": 82410.00387557883}, "std": {"rsi": 12.159347546550505, "macd": 459.52550991553386, "macd_signal": 431.9135486891786, "ema_9": 13670.792319178336, "ema_21": 13690.623078664832, "atr": 257.3959776641287, "obi": 1.0903315417746935, "funding_rate": 0.3561295000350446, "whale_flow": 0.14278529364855116, "btc_dominance": 0.024358468269003355, "liq_heatmap_density": 0.021517811020249047, "res1": 13688.686623815302, "sup1": 13646.604646577847, "local_res": 13832.29871434232, "local_sup": 13609.171591334973}}