{"mean": {"open": 83795.75044896315, "high": 84074.24142138111, "low": 83499.30985906986, "close": 83789.42725790215, "volume": 859.720077509563, "rsi": 49.52502473098275, "macd": -45.174855022055915, "macd_signal": -45.28916314205359, "ema_9": 83815.0129683803, "ema_21": 83853.61254664876, "atr": 575.6412069142409, "obi": 0.02429298046234054, "funding_rate": 0.5069707014860694, "whale_flow": 0.011695324356645317, "btc_dominance": -0.0013051297194531324, "liq_heatmap_density": 0.03122953545306844, "res1": 84082.38645392927, "sup1": 83507.3563834642, "local_res": 85374.42467284075, "local_sup": 82277.75716126434, "obv": -126493.12602406491, "force_index": -44512.76977734943}, "std": {"open": 13535.903433629706, "high": 13547.750689646196, "low": 13507.560171849038, "close": 13529.935955467678, "volume": 905.2680984293677, "rsi": 12.17787345092035, "macd": 458.5369592380097, "macd_signal": 430.4899829585983, "ema_9": 13539.917288690252, "ema_21": 13557.81837538179, "atr": 257.4756686683916, "obi": 1.090293932096038, "funding_rate": 0.35605333138036477, "whale_flow": 0.14273855900042773, "btc_dominance": 0.024337710933558892, "liq_heatmap_density": 0.021542459666769702, "res1": 13555.842553011847, "sup1": 13515.841486429645, "local_res": 13696.599197991389, "local_sup": 13486.223496383962, "obv": 66863.86167657634, "force_index": 1230578.1857162833}}