{"mean": {"rsi": 52.949497915815996, "macd": 97.06063972233505, "macd_signal": 96.4451193109038, "ema_9": 74747.71149418275, "ema_21": 74664.0793317553, "atr": 414.9196330324755, "obi": 0.005636752244965521, "funding_rate": 0.5072181379275618, "whale_flow": 0.042111574810040506, "btc_dominance": 0.00474806072701974, "liq_heatmap_density": 0.024103768051823436, "res1": 74993.6698965025, "sup1": 74581.97685581728, "local_res": 75790.11660599572, "local_sup": 73586.2175588865}, "std": {"rsi": 11.193892603202343, "macd": 280.4303365386706, "macd_signal": 258.764721895008, "ema_9": 4312.053004674818, "ema_21": 4306.770904018607, "atr": 106.27700312462923, "obi": 1.054765097281173, "funding_rate": 0.35968769314754295, "whale_flow": 0.12298618980530847, "btc_dominance": 0.017935047772200438, "liq_heatmap_density": 0.015012449630937404, "res1": 4319.4075437253905, "sup1": 4320.036796720578, "local_res": 4280.898953300696, "local_sup": 4380.516520028339}}