{"mean": {"rsi": 49.458140403792726, "macd": -47.84060379309082, "macd_signal": -48.446723218153025, "ema_9": 83962.21209134406, "ema_21": 84002.84178775694, "atr": 578.9973194144459, "obi": 0.023815485609905276, "funding_rate": 0.5077367789878029, "whale_flow": 0.01127815127242908, "btc_dominance": -0.001391266117077075, "liq_heatmap_density": 0.03136316529530279, "res1": 84231.15967049192, "sup1": 83652.82256358633, "local_res": 85531.34467485403, "local_sup": 82416.1368934971}, "std": {"rsi": 12.163760387095936, "macd": 459.76098736278556, "macd_signal": 432.04053071513863, "ema_9": 13676.384283016754, "ema_21": 13696.676370381514, "atr": 257.37323189553655, "obi": 1.090243394537683, "funding_rate": 0.3561450928237881, "whale_flow": 0.14280362351604295, "btc_dominance": 0.02436220138877082, "liq_heatmap_density": 0.021520359137561465, "res1": 13694.149665617628, "sup1": 13651.929736679454, "local_res": 13838.835937237254, "local_sup": 13614.745170937853}}